ID,Face
1,F0009/P11713/face1.jpg
2,F0009/P11714/face1.jpg
3,F0009/P11715/face1.jpg
4,F0009/P11716/face1.jpg
5,F0009/P11717/face1.jpg
6,F0009/P11718/face1.jpg
7,F0009/P11719/face1.jpg
8,F0009/P11720/face1.jpg
9,F0009/P11720/face2.jpg
10,F0009/P11720/face3.jpg
11,F0009/P11720/face4.jpg
12,F0009/P11720/face5.jpg
13,F0009/P11720/face6.jpg
14,F0009/P11721/face1.jpg
15,F0009/P11721/face2.jpg
16,F0009/P11721/face3.jpg
17,F0009/P11721/face4.jpg
18,F0009/P11721/face5.jpg
19,F0009/P11722/face1.jpg
20,F0009/P11722/face2.jpg
21,F0009/P11722/face3.jpg
22,F0009/P11723/face1.jpg
23,F0009/P11723/face2.jpg
24,F0009/P11723/face3.jpg
25,F0009/P11723/face4.jpg
26,F0009/P11723/face5.jpg
27,F0009/P11724/face1.jpg
28,F0009/P11724/face2.jpg
29,F0009/P11724/face3.jpg
30,F0009/P11724/face4.jpg
31,F0009/P11724/face5.jpg
32,F0009/P11725/face1.jpg
33,F0009/P11725/face2.jpg
34,F0009/P11725/face3.jpg
35,F0009/P11726/face1.jpg
36,F0009/P11726/face2.jpg
37,F0009/P11726/face3.jpg
38,F0009/P11726/face4.jpg
39,F0009/P11726/face5.jpg
40,F0009/P11727/face1.jpg
41,F0009/P11727/face2.jpg
42,F0009/P11727/face3.jpg
43,F0009/P11728/face1.jpg
44,F0009/P11728/face2.jpg
45,F0009/P11729/face1.jpg
46,F0009/P11730/face1.jpg
47,F0009/P11732/face1.jpg
48,F0009/P11732/face2.jpg
49,F0009/P11732/face3.jpg
50,F0009/P11733/face1.jpg
51,F0009/P11733/face2.jpg
52,F0009/P11733/face3.jpg
53,F0009/P11733/face4.jpg
54,F0009/P11733/face5.jpg
55,F0009/P11734/face1.jpg
56,F0009/P11735/face1.jpg
57,F0009/P11735/face2.jpg
58,F0009/P11735/face3.jpg
59,F0009/P11735/face4.jpg
60,F0009/P11735/face5.jpg
61,F0009/P11736/face1.jpg
62,F0009/P11736/face2.jpg
63,F0009/P11737/face1.jpg
64,F0009/P11737/face2.jpg
65,F0009/P11737/face3.jpg
66,F0009/P11737/face4.jpg
67,F0009/P11737/face5.jpg
68,F0009/P11737/face6.jpg
69,F0009/P11738/face1.jpg
70,F0009/P11738/face2.jpg
71,F0009/P11738/face3.jpg
72,F0009/P11738/face4.jpg
73,F0009/P11739/face1.jpg
74,F0009/P11740/face1.jpg
75,F0009/P11741/face1.jpg
76,F0009/P11741/face2.jpg
77,F0009/P11741/face3.jpg
78,F0009/P11741/face4.jpg
79,F0009/P11741/face5.jpg
80,F0009/P11742/face1.jpg
81,F0009/P11742/face2.jpg
82,F0009/P11743/face1.jpg
83,F0009/P11743/face2.jpg
84,F0009/P11743/face3.jpg
85,F0009/P11743/face4.jpg
86,F0009/P11743/face5.jpg
87,F0009/P11743/face6.jpg
88,F0009/P11744/face1.jpg
89,F0009/P11744/face2.jpg
90,F0009/P11744/face3.jpg
91,F0009/P11744/face4.jpg
92,F0009/P11744/face5.jpg
93,F0009/P11744/face6.jpg
94,F0009/P11745/face1.jpg
95,F0009/P11745/face2.jpg
96,F0009/P11745/face3.jpg
97,F0009/P11746/face1.jpg
98,F0009/P11747/face1.jpg
99,F0009/P11748/face1.jpg
100,F0009/P11749/face1.jpg
101,F0009/P11750/face1.jpg
102,F0009/P11751/face1.jpg
103,F0009/P11752/face1.jpg
104,F0009/P11752/face2.jpg
105,F0009/P11753/face1.jpg
106,F0009/P11753/face2.jpg
107,F0009/P11754/face1.jpg
108,F0009/P11754/face2.jpg
109,F0009/P11755/face1.jpg
110,F0009/P11755/face2.jpg
111,F0009/P11756/face1.jpg
112,F0009/P11756/face2.jpg
113,F0009/P11757/face1.jpg
114,F0009/P11757/face2.jpg
115,F0009/P11757/face3.jpg
116,F0009/P11757/face4.jpg
117,F0009/P11757/face5.jpg
118,F0042/P11321/face1.jpg
119,F0042/P11322/face1.jpg
120,F0042/P11323/face1.jpg
121,F0042/P11323/face2.jpg
122,F0042/P11324/face1.jpg
123,F0042/P11324/face2.jpg
124,F0042/P11325/face1.jpg
125,F0042/P11325/face2.jpg
126,F0042/P11326/face1.jpg
127,F0042/P11327/face1.jpg
128,F0042/P11328/face1.jpg
129,F0069/P11414/face1.jpg
130,F0069/P11414/face2.jpg
131,F0069/P11415/face1.jpg
132,F0069/P11415/face2.jpg
133,F0069/P11416/face1.jpg
134,F0069/P11417/face1.jpg
135,F0069/P11417/face2.jpg
136,F0069/P11417/face3.jpg
137,F0069/P11418/face1.jpg
138,F0069/P11419/face1.jpg
139,F0069/P11419/face2.jpg
140,F0069/P11420/face1.jpg
141,F0069/P11421/face1.jpg
142,F0086/P11856/face1.jpg
143,F0086/P11856/face2.jpg
144,F0086/P11857/face1.jpg
145,F0086/P11858/face1.jpg
146,F0086/P11859/face1.jpg
147,F0086/P11860/face1.jpg
148,F0099/P11518/face1.jpg
149,F0099/P11518/face2.jpg
150,F0099/P11518/face3.jpg
151,F0099/P11518/face4.jpg
152,F0099/P11519/face1.jpg
153,F0099/P11519/face2.jpg
154,F0099/P11519/face3.jpg
155,F0099/P11519/face4.jpg
156,F0099/P11519/face5.jpg
157,F0099/P11519/face6.jpg
158,F0099/P11520/face1.jpg
159,F0099/P11520/face2.jpg
160,F0099/P11520/face3.jpg
161,F0099/P11520/face4.jpg
162,F0099/P11521/face1.jpg
163,F0099/P11521/face2.jpg
164,F0099/P11521/face3.jpg
165,F0099/P11522/face1.jpg
166,F0099/P11522/face2.jpg
167,F0099/P11522/face3.jpg
168,F0099/P11522/face4.jpg
169,F0099/P11523/face1.jpg
170,F0099/P11523/face2.jpg
171,F0099/P11523/face3.jpg
172,F0099/P11524/face1.jpg
173,F0099/P11524/face2.jpg
174,F0099/P11525/face1.jpg
175,F0099/P11525/face2.jpg
176,F0099/P11525/face3.jpg
177,F0099/P11527/face1.jpg
178,F0099/P11528/face1.jpg
179,F0099/P11529/face1.jpg
180,F0099/P11530/face1.jpg
181,F0099/P11531/face1.jpg
182,F0099/P11532/face1.jpg
183,F0099/P11533/face1.jpg
184,F0099/P11534/face1.jpg
185,F0099/P11535/face1.jpg
186,F0099/P11535/face2.jpg
187,F0099/P11536/face1.jpg
188,F0099/P11536/face2.jpg
189,F0099/P11537/face1.jpg
190,F0099/P11537/face2.jpg
191,F0099/P11538/face1.jpg
192,F0099/P11538/face2.jpg
193,F0099/P11539/face1.jpg
194,F0099/P11539/face2.jpg
195,F0169/P11843/face1.jpg
196,F0169/P11843/face2.jpg
197,F0169/P11844/face1.jpg
198,F0169/P11844/face2.jpg
199,F0169/P11845/face1.jpg
200,F0169/P11845/face2.jpg
201,F0169/P11846/face1.jpg
202,F0169/P11846/face2.jpg
203,F0169/P11847/face1.jpg
204,F0169/P11847/face2.jpg
205,F0169/P11848/face1.jpg
206,F0169/P11848/face2.jpg
207,F0169/P11849/face1.jpg
208,F0169/P11849/face2.jpg
209,F0169/P11850/face1.jpg
210,F0169/P11850/face2.jpg
211,F0169/P11851/face1.jpg
212,F0169/P11851/face2.jpg
213,F0169/P11852/face1.jpg
214,F0169/P11852/face2.jpg
215,F0169/P11852/face3.jpg
216,F0169/P11853/face1.jpg
217,F0169/P11853/face2.jpg
218,F0169/P11854/face1.jpg
219,F0169/P11855/face1.jpg
220,F0179/P11258/face1.jpg
221,F0179/P11258/face2.jpg
222,F0179/P11259/face1.jpg
223,F0179/P11259/face2.jpg
224,F0179/P11259/face3.jpg
225,F0179/P11260/face1.jpg
226,F0179/P11260/face2.jpg
227,F0179/P11261/face1.jpg
228,F0179/P11261/face2.jpg
229,F0179/P11261/face3.jpg
230,F0179/P11261/face4.jpg
231,F0179/P11262/face1.jpg
232,F0179/P11262/face2.jpg
233,F0179/P11262/face3.jpg
234,F0179/P11263/face1.jpg
235,F0179/P11263/face2.jpg
236,F0179/P11264/face1.jpg
237,F0179/P11264/face2.jpg
238,F0179/P11265/face1.jpg
239,F0179/P11266/face1.jpg
240,F0179/P11266/face2.jpg
241,F0205/P11267/face1.jpg
242,F0205/P11267/face2.jpg
243,F0205/P11267/face3.jpg
244,F0205/P11267/face4.jpg
245,F0205/P11268/face1.jpg
246,F0205/P11268/face2.jpg
247,F0205/P11268/face3.jpg
248,F0205/P11269/face1.jpg
249,F0205/P11269/face2.jpg
250,F0205/P11270/face1.jpg
251,F0205/P11270/face2.jpg
252,F0205/P11271/face1.jpg
253,F0205/P11271/face2.jpg
254,F0205/P11272/face1.jpg
255,F0205/P11272/face2.jpg
256,F0205/P11273/face1.jpg
257,F0205/P11273/face2.jpg
258,F0205/P11273/face3.jpg
259,F0210/P11422/face1.jpg
260,F0210/P11422/face2.jpg
261,F0210/P11423/face1.jpg
262,F0210/P11423/face2.jpg
263,F0210/P11423/face3.jpg
264,F0210/P11424/face1.jpg
265,F0210/P11425/face1.jpg
266,F0210/P11425/face2.jpg
267,F0210/P11426/face1.jpg
268,F0210/P11426/face2.jpg
269,F0210/P11427/face1.jpg
270,F0210/P11428/face1.jpg
271,F0210/P11428/face2.jpg
272,F0210/P11429/face1.jpg
273,F0210/P11429/face2.jpg
274,F0210/P11430/face1.jpg
275,F0210/P11430/face2.jpg
276,F0210/P11431/face1.jpg
277,F0210/P11432/face1.jpg
278,F0210/P11433/face1.jpg
279,F0210/P11433/face2.jpg
280,F0210/P11433/face3.jpg
281,F0210/P11433/face4.jpg
282,F0210/P11433/face5.jpg
283,F0215/P11494/face1.jpg
284,F0215/P11494/face2.jpg
285,F0215/P11494/face3.jpg
286,F0215/P11494/face4.jpg
287,F0215/P11494/face5.jpg
288,F0215/P11495/face1.jpg
289,F0215/P11495/face2.jpg
290,F0215/P11495/face3.jpg
291,F0215/P11495/face4.jpg
292,F0215/P11495/face5.jpg
293,F0215/P11496/face1.jpg
294,F0215/P11496/face2.jpg
295,F0215/P11496/face3.jpg
296,F0215/P11497/face1.jpg
297,F0215/P11497/face2.jpg
298,F0215/P11497/face3.jpg
299,F0215/P11497/face4.jpg
300,F0215/P11497/face5.jpg
301,F0215/P11497/face6.jpg
302,F0215/P11499/face1.jpg
303,F0215/P11499/face2.jpg
304,F0215/P11499/face3.jpg
305,F0215/P11500/face1.jpg
306,F0215/P11501/face1.jpg
307,F0215/P11501/face2.jpg
308,F0215/P11502/face1.jpg
309,F0215/P11503/face1.jpg
310,F0215/P11503/face2.jpg
311,F0215/P11504/face1.jpg
312,F0215/P11504/face2.jpg
313,F0215/P11504/face3.jpg
314,F0215/P11504/face4.jpg
315,F0215/P11504/face5.jpg
316,F0215/P11504/face6.jpg
317,F0215/P11504/face7.jpg
318,F0215/P11505/face1.jpg
319,F0215/P11505/face2.jpg
320,F0215/P11506/face1.jpg
321,F0215/P11507/face1.jpg
322,F0215/P11508/face1.jpg
323,F0215/P11508/face2.jpg
324,F0215/P11509/face1.jpg
325,F0215/P11510/face1.jpg
326,F0215/P11511/face1.jpg
327,F0215/P11512/face1.jpg
328,F0215/P11513/face1.jpg
329,F0215/P11514/face1.jpg
330,F0215/P11514/face2.jpg
331,F0215/P11515/face1.jpg
332,F0215/P11516/face1.jpg
333,F0215/P11517/face1.jpg
334,F0215/P11517/face2.jpg
335,F0235/P11617/face1.jpg
336,F0235/P11618/face1.jpg
337,F0235/P11619/face1.jpg
338,F0235/P11620/face1.jpg
339,F0235/P11621/face1.jpg
340,F0235/P11622/face1.jpg
341,F0235/P11623/face1.jpg
342,F0235/P11624/face1.jpg
343,F0235/P11625/face1.jpg
344,F0235/P11626/face1.jpg
345,F0235/P11626/face2.jpg
346,F0235/P11627/face1.jpg
347,F0235/P11627/face2.jpg
348,F0235/P11628/face1.jpg
349,F0235/P11628/face2.jpg
350,F0235/P11628/face3.jpg
351,F0235/P11628/face4.jpg
352,F0235/P11629/face1.jpg
353,F0235/P11629/face2.jpg
354,F0235/P11630/face1.jpg
355,F0235/P11630/face2.jpg
356,F0235/P11631/face1.jpg
357,F0235/P11631/face2.jpg
358,F0235/P11631/face3.jpg
359,F0235/P11631/face4.jpg
360,F0235/P11632/face1.jpg
361,F0235/P11632/face2.jpg
362,F0235/P11632/face3.jpg
363,F0235/P11633/face1.jpg
364,F0235/P11633/face2.jpg
365,F0235/P11633/face3.jpg
366,F0235/P11634/face1.jpg
367,F0235/P11634/face2.jpg
368,F0235/P11635/face1.jpg
369,F0235/P11635/face2.jpg
370,F0235/P11636/face1.jpg
371,F0235/P11637/face1.jpg
372,F0235/P11638/face1.jpg
373,F0235/P11638/face2.jpg
374,F0235/P11638/face3.jpg
375,F0235/P11639/face1.jpg
376,F0235/P11639/face2.jpg
377,F0235/P11639/face3.jpg
378,F0235/P11639/face4.jpg
379,F0235/P11640/face1.jpg
380,F0235/P11640/face2.jpg
381,F0235/P11641/face1.jpg
382,F0235/P11642/face1.jpg
383,F0235/P11643/face1.jpg
384,F0235/P11644/face1.jpg
385,F0235/P11645/face1.jpg
386,F0267/P11329/face1.jpg
387,F0267/P11329/face2.jpg
388,F0267/P11329/face3.jpg
389,F0267/P11330/face1.jpg
390,F0267/P11330/face2.jpg
391,F0267/P11331/face1.jpg
392,F0267/P11331/face2.jpg
393,F0267/P11331/face3.jpg
394,F0267/P11332/face1.jpg
395,F0267/P11332/face2.jpg
396,F0267/P11333/face1.jpg
397,F0267/P11333/face2.jpg
398,F0267/P11333/face3.jpg
399,F0267/P11334/face1.jpg
400,F0267/P11335/face1.jpg
401,F0267/P11336/face1.jpg
402,F0313/P11434/face1.jpg
403,F0313/P11435/face1.jpg
404,F0335/P11758/face1.jpg
405,F0335/P11758/face2.jpg
406,F0335/P11758/face3.jpg
407,F0335/P11758/face4.jpg
408,F0335/P11759/face1.jpg
409,F0335/P11759/face2.jpg
410,F0335/P11760/face1.jpg
411,F0335/P11760/face2.jpg
412,F0335/P11760/face3.jpg
413,F0335/P11761/face1.jpg
414,F0335/P11761/face2.jpg
415,F0335/P11761/face3.jpg
416,F0335/P11761/face4.jpg
417,F0335/P11761/face5.jpg
418,F0335/P11762/face1.jpg
419,F0335/P11762/face2.jpg
420,F0335/P11763/face1.jpg
421,F0335/P11763/face2.jpg
422,F0335/P11764/face1.jpg
423,F0335/P11764/face2.jpg
424,F0335/P11765/face1.jpg
425,F0335/P11765/face2.jpg
426,F0335/P11766/face1.jpg
427,F0335/P11766/face2.jpg
428,F0335/P11767/face1.jpg
429,F0335/P11767/face2.jpg
430,F0335/P11767/face3.jpg
431,F0335/P11768/face1.jpg
432,F0335/P11768/face2.jpg
433,F0335/P11769/face1.jpg
434,F0335/P11770/face1.jpg
435,F0335/P11771/face1.jpg
436,F0335/P11772/face1.jpg
437,F0335/P11773/face1.jpg
438,F0363/P11866/face1.jpg
439,F0363/P11866/face2.jpg
440,F0363/P11867/face1.jpg
441,F0363/P11867/face2.jpg
442,F0363/P11868/face1.jpg
443,F0363/P11868/face2.jpg
444,F0363/P11869/face1.jpg
445,F0363/P11870/face1.jpg
446,F0363/P11871/face1.jpg
447,F0363/P11872/face1.jpg
448,F0363/P11872/face2.jpg
449,F0363/P11873/face1.jpg
450,F0378/P11253/face1.jpg
451,F0378/P11253/face2.jpg
452,F0378/P11253/face3.jpg
453,F0378/P11253/face4.jpg
454,F0378/P11253/face5.jpg
455,F0378/P11254/face1.jpg
456,F0378/P11254/face2.jpg
457,F0378/P11254/face3.jpg
458,F0378/P11254/face4.jpg
459,F0378/P11255/face1.jpg
460,F0378/P11255/face2.jpg
461,F0378/P11256/face1.jpg
462,F0378/P11256/face2.jpg
463,F0378/P11257/face1.jpg
464,F0378/P11257/face2.jpg
465,F0391/P11436/face1.jpg
466,F0391/P11437/face1.jpg
467,F0391/P11438/face1.jpg
468,F0391/P11439/face1.jpg
469,F0391/P11440/face1.jpg
470,F0391/P11440/face2.jpg
471,F0391/P11441/face1.jpg
472,F0391/P11441/face2.jpg
473,F0391/P11442/face1.jpg
474,F0391/P11442/face2.jpg
475,F0391/P11442/face3.jpg
476,F0391/P11442/face4.jpg
477,F0391/P11443/face1.jpg
478,F0391/P11443/face2.jpg
479,F0391/P11443/face3.jpg
480,F0391/P11443/face4.jpg
481,F0391/P11444/face1.jpg
482,F0391/P11444/face2.jpg
483,F0391/P11444/face3.jpg
484,F0391/P11444/face4.jpg
485,F0394/P11445/face1.jpg
486,F0394/P11446/face1.jpg
487,F0394/P11447/face1.jpg
488,F0394/P11448/face1.jpg
489,F0394/P11449/face1.jpg
490,F0394/P11450/face1.jpg
491,F0394/P11450/face2.jpg
492,F0413/P11224/face1.jpg
493,F0413/P11224/face2.jpg
494,F0413/P11224/face3.jpg
495,F0413/P11224/face4.jpg
496,F0413/P11231/face1.jpg
497,F0413/P11232/face1.jpg
498,F0413/P11233/face1.jpg
499,F0413/P11233/face2.jpg
500,F0413/P11234/face1.jpg
501,F0413/P11234/face2.jpg
502,F0414/P11236/face1.jpg
503,F0414/P11236/face2.jpg
504,F0414/P11237/face1.jpg
505,F0414/P11237/face2.jpg
506,F0414/P11238/face1.jpg
507,F0414/P11238/face2.jpg
508,F0414/P11239/face1.jpg
509,F0414/P11239/face2.jpg
510,F0414/P11239/face3.jpg
511,F0414/P11240/face1.jpg
512,F0414/P11240/face2.jpg
513,F0414/P11241/face1.jpg
514,F0414/P11241/face2.jpg
515,F0414/P11241/face3.jpg
516,F0414/P11242/face1.jpg
517,F0414/P11242/face2.jpg
518,F0414/P11243/face1.jpg
519,F0414/P11243/face2.jpg
520,F0414/P11243/face3.jpg
521,F0414/P11243/face4.jpg
522,F0414/P11244/face1.jpg
523,F0414/P11244/face2.jpg
524,F0425/P11459/face1.jpg
525,F0425/P11460/face1.jpg
526,F0425/P11461/face1.jpg
527,F0425/P11462/face1.jpg
528,F0425/P11462/face2.jpg
529,F0425/P11463/face1.jpg
530,F0425/P11463/face2.jpg
531,F0425/P11463/face3.jpg
532,F0425/P11463/face4.jpg
533,F0425/P11463/face5.jpg
534,F0425/P11463/face6.jpg
535,F0425/P11464/face1.jpg
536,F0425/P11464/face2.jpg
537,F0425/P11464/face3.jpg
538,F0425/P11464/face4.jpg
539,F0425/P11465/face1.jpg
540,F0425/P11465/face2.jpg
541,F0425/P11467/face1.jpg
542,F0425/P11467/face2.jpg
543,F0425/P11467/face3.jpg
544,F0425/P11468/face1.jpg
545,F0425/P11468/face2.jpg
546,F0425/P11469/face1.jpg
547,F0425/P11469/face2.jpg
548,F0425/P11469/face3.jpg
549,F0425/P11470/face1.jpg
550,F0425/P11470/face2.jpg
551,F0425/P11470/face3.jpg
552,F0425/P11471/face1.jpg
553,F0425/P11471/face2.jpg
554,F0425/P11471/face3.jpg
555,F0425/P11471/face4.jpg
556,F0425/P11471/face5.jpg
557,F0425/P11471/face6.jpg
558,F0425/P11472/face1.jpg
559,F0425/P11472/face2.jpg
560,F0425/P11473/face1.jpg
561,F0425/P11473/face2.jpg
562,F0425/P11474/face1.jpg
563,F0425/P11474/face2.jpg
564,F0425/P11475/face1.jpg
565,F0425/P11475/face2.jpg
566,F0425/P11475/face3.jpg
567,F0425/P11476/face1.jpg
568,F0425/P11476/face2.jpg
569,F0425/P11477/face1.jpg
570,F0425/P11478/face1.jpg
571,F0425/P11478/face2.jpg
572,F0425/P11478/face3.jpg
573,F0425/P11479/face1.jpg
574,F0425/P11479/face2.jpg
575,F0425/P11480/face1.jpg
576,F0425/P11480/face2.jpg
577,F0425/P11481/face1.jpg
578,F0425/P11481/face2.jpg
579,F0425/P11482/face1.jpg
580,F0425/P11483/face1.jpg
581,F0425/P11484/face1.jpg
582,F0425/P11485/face1.jpg
583,F0425/P11485/face2.jpg
584,F0425/P11485/face3.jpg
585,F0425/P11485/face4.jpg
586,F0425/P11485/face5.jpg
587,F0425/P11485/face6.jpg
588,F0425/P11486/face1.jpg
589,F0425/P11486/face2.jpg
590,F0425/P11486/face3.jpg
591,F0425/P11486/face4.jpg
592,F0425/P11486/face5.jpg
593,F0425/P11486/face6.jpg
594,F0425/P11487/face1.jpg
595,F0425/P11487/face2.jpg
596,F0425/P11487/face3.jpg
597,F0425/P11488/face1.jpg
598,F0425/P11488/face2.jpg
599,F0425/P11488/face3.jpg
600,F0425/P11489/face1.jpg
601,F0425/P11489/face2.jpg
602,F0425/P11489/face3.jpg
603,F0425/P11489/face4.jpg
604,F0425/P11489/face5.jpg
605,F0425/P11489/face6.jpg
606,F0425/P11489/face7.jpg
607,F0425/P11490/face1.jpg
608,F0425/P11490/face2.jpg
609,F0425/P11490/face3.jpg
610,F0425/P11490/face4.jpg
611,F0425/P11491/face1.jpg
612,F0425/P11491/face2.jpg
613,F0425/P11491/face3.jpg
614,F0425/P11492/face1.jpg
615,F0425/P11492/face2.jpg
616,F0425/P11493/face1.jpg
617,F0425/P11493/face2.jpg
618,F0451/P11451/face1.jpg
619,F0451/P11451/face2.jpg
620,F0451/P11452/face1.jpg
621,F0451/P11452/face2.jpg
622,F0451/P11453/face1.jpg
623,F0451/P11453/face2.jpg
624,F0451/P11454/face1.jpg
625,F0451/P11455/face1.jpg
626,F0451/P11455/face2.jpg
627,F0451/P11457/face1.jpg
628,F0451/P11458/face1.jpg
629,F0458/P11278/face1.jpg
630,F0458/P11278/face2.jpg
631,F0458/P11279/face1.jpg
632,F0458/P11279/face2.jpg
633,F0458/P11280/face1.jpg
634,F0458/P11281/face1.jpg
635,F0458/P11282/face1.jpg
636,F0458/P11283/face1.jpg
637,F0458/P11283/face2.jpg
638,F0458/P11284/face1.jpg
639,F0458/P11284/face2.jpg
640,F0458/P11285/face1.jpg
641,F0458/P11285/face2.jpg
642,F0458/P11286/face1.jpg
643,F0458/P11287/face1.jpg
644,F0471/P11337/face1.jpg
645,F0471/P11337/face2.jpg
646,F0471/P11338/face1.jpg
647,F0471/P11338/face2.jpg
648,F0471/P11338/face3.jpg
649,F0471/P11339/face1.jpg
650,F0471/P11339/face2.jpg
651,F0471/P11339/face3.jpg
652,F0471/P11340/face1.jpg
653,F0471/P11340/face2.jpg
654,F0471/P11341/face1.jpg
655,F0471/P11342/face1.jpg
656,F0471/P11343/face1.jpg
657,F0471/P11343/face2.jpg
658,F0471/P11344/face1.jpg
659,F0471/P11344/face2.jpg
660,F0471/P11345/face1.jpg
661,F0471/P11346/face1.jpg
662,F0471/P11346/face2.jpg
663,F0471/P11347/face1.jpg
664,F0471/P11348/face1.jpg
665,F0471/P11349/face1.jpg
666,F0475/P11774/face1.jpg
667,F0475/P11775/face1.jpg
668,F0475/P11776/face1.jpg
669,F0475/P11776/face2.jpg
670,F0475/P11776/face3.jpg
671,F0475/P11777/face1.jpg
672,F0475/P11778/face1.jpg
673,F0475/P11779/face1.jpg
674,F0475/P11781/face1.jpg
675,F0475/P11782/face1.jpg
676,F0475/P11782/face2.jpg
677,F0475/P11782/face3.jpg
678,F0475/P11783/face1.jpg
679,F0475/P11783/face2.jpg
680,F0475/P11784/face1.jpg
681,F0475/P11784/face2.jpg
682,F0475/P11785/face1.jpg
683,F0475/P11785/face2.jpg
684,F0475/P11786/face1.jpg
685,F0475/P11786/face2.jpg
686,F0475/P11787/face1.jpg
687,F0475/P11787/face2.jpg
688,F0475/P11787/face3.jpg
689,F0475/P11787/face4.jpg
690,F0475/P11787/face5.jpg
691,F0475/P11788/face1.jpg
692,F0475/P11788/face2.jpg
693,F0475/P11788/face3.jpg
694,F0475/P11789/face1.jpg
695,F0475/P11790/face1.jpg
696,F0475/P11791/face1.jpg
697,F0475/P11792/face1.jpg
698,F0480/P11288/face1.jpg
699,F0480/P11288/face2.jpg
700,F0480/P11289/face1.jpg
701,F0480/P11290/face1.jpg
702,F0480/P11290/face2.jpg
703,F0480/P11291/face1.jpg
704,F0480/P11291/face2.jpg
705,F0480/P11291/face3.jpg
706,F0480/P11292/face1.jpg
707,F0480/P11293/face1.jpg
708,F0480/P11294/face1.jpg
709,F0480/P11294/face2.jpg
710,F0480/P11295/face1.jpg
711,F0480/P11295/face2.jpg
712,F0480/P11295/face3.jpg
713,F0480/P11295/face4.jpg
714,F0480/P11296/face1.jpg
715,F0480/P11296/face2.jpg
716,F0480/P11297/face1.jpg
717,F0480/P11298/face1.jpg
718,F0480/P11299/face1.jpg
719,F0480/P11300/face1.jpg
720,F0548/P11350/face1.jpg
721,F0548/P11350/face2.jpg
722,F0548/P11351/face1.jpg
723,F0548/P11351/face2.jpg
724,F0548/P11352/face1.jpg
725,F0548/P11352/face2.jpg
726,F0548/P11352/face3.jpg
727,F0548/P11353/face1.jpg
728,F0548/P11353/face2.jpg
729,F0548/P11353/face3.jpg
730,F0548/P11354/face1.jpg
731,F0548/P11354/face2.jpg
732,F0548/P11354/face3.jpg
733,F0548/P11355/face1.jpg
734,F0548/P11355/face2.jpg
735,F0548/P11356/face1.jpg
736,F0548/P11356/face2.jpg
737,F0548/P11357/face1.jpg
738,F0548/P11357/face2.jpg
739,F0548/P11357/face3.jpg
740,F0548/P11358/face1.jpg
741,F0548/P11358/face2.jpg
742,F0548/P11358/face3.jpg
743,F0548/P11358/face4.jpg
744,F0548/P11359/face1.jpg
745,F0548/P11359/face2.jpg
746,F0548/P11360/face1.jpg
747,F0561/P11793/face1.jpg
748,F0561/P11793/face2.jpg
749,F0561/P11793/face3.jpg
750,F0561/P11794/face1.jpg
751,F0561/P11794/face2.jpg
752,F0561/P11795/face1.jpg
753,F0561/P11795/face2.jpg
754,F0561/P11795/face3.jpg
755,F0561/P11796/face1.jpg
756,F0561/P11797/face1.jpg
757,F0561/P11798/face1.jpg
758,F0561/P11799/face1.jpg
759,F0561/P11800/face1.jpg
760,F0589/P11801/face1.jpg
761,F0589/P11801/face2.jpg
762,F0589/P11801/face3.jpg
763,F0589/P11802/face1.jpg
764,F0589/P11802/face2.jpg
765,F0589/P11803/face1.jpg
766,F0589/P11803/face2.jpg
767,F0589/P11804/face1.jpg
768,F0589/P11805/face1.jpg
769,F0589/P11807/face1.jpg
770,F0589/P11808/face1.jpg
771,F0589/P11809/face1.jpg
772,F0589/P11809/face2.jpg
773,F0589/P11810/face1.jpg
774,F0589/P11810/face2.jpg
775,F0589/P11810/face3.jpg
776,F0589/P11810/face4.jpg
777,F0589/P11811/face1.jpg
778,F0589/P11812/face1.jpg
779,F0589/P11813/face1.jpg
780,F0601/P11874/face1.jpg
781,F0601/P11875/face1.jpg
782,F0601/P11876/face1.jpg
783,F0601/P11877/face1.jpg
784,F0601/P11877/face2.jpg
785,F0601/P11878/face1.jpg
786,F0601/P11879/face1.jpg
787,F0601/P11880/face1.jpg
788,F0601/P11880/face2.jpg
789,F0601/P11881/face1.jpg
790,F0601/P11882/face1.jpg
791,F0601/P11883/face1.jpg
792,F0601/P11884/face1.jpg
793,F0601/P11885/face1.jpg
794,F0601/P11885/face2.jpg
795,F0601/P11885/face3.jpg
796,F0601/P11886/face1.jpg
797,F0601/P11886/face2.jpg
798,F0601/P11886/face3.jpg
799,F0601/P11886/face4.jpg
800,F0601/P11887/face1.jpg
801,F0601/P11887/face2.jpg
802,F0601/P11888/face1.jpg
803,F0601/P11889/face1.jpg
804,F0601/P11889/face2.jpg
805,F0601/P11890/face1.jpg
806,F0601/P11891/face1.jpg
807,F0601/P11892/face1.jpg
808,F0601/P11892/face2.jpg
809,F0601/P11893/face1.jpg
810,F0601/P11894/face1.jpg
811,F0601/P11894/face2.jpg
812,F0601/P11895/face1.jpg
813,F0601/P11895/face2.jpg
814,F0601/P11895/face3.jpg
815,F0601/P11896/face1.jpg
816,F0601/P11896/face2.jpg
817,F0601/P11897/face1.jpg
818,F0601/P11897/face2.jpg
819,F0601/P11898/face1.jpg
820,F0601/P11898/face2.jpg
821,F0601/P11899/face1.jpg
822,F0601/P11900/face1.jpg
823,F0601/P11901/face1.jpg
824,F0601/P11902/face1.jpg
825,F0601/P11903/face1.jpg
826,F0601/P11903/face2.jpg
827,F0601/P11903/face3.jpg
828,F0601/P11903/face4.jpg
829,F0601/P11903/face5.jpg
830,F0601/P11904/face1.jpg
831,F0601/P11904/face2.jpg
832,F0601/P11904/face3.jpg
833,F0601/P11904/face4.jpg
834,F0601/P11904/face5.jpg
835,F0601/P11904/face6.jpg
836,F0601/P11904/face7.jpg
837,F0601/P11904/face8.jpg
838,F0601/P11905/face1.jpg
839,F0601/P11905/face2.jpg
840,F0601/P11906/face1.jpg
841,F0601/P11906/face2.jpg
842,F0601/P11906/face3.jpg
843,F0601/P11906/face4.jpg
844,F0601/P11906/face5.jpg
845,F0601/P11907/face1.jpg
846,F0601/P11907/face2.jpg
847,F0601/P11907/face3.jpg
848,F0601/P11908/face1.jpg
849,F0601/P11908/face2.jpg
850,F0601/P11908/face3.jpg
851,F0601/P11909/face1.jpg
852,F0601/P11909/face2.jpg
853,F0601/P11909/face3.jpg
854,F0601/P11910/face1.jpg
855,F0601/P11910/face2.jpg
856,F0601/P11910/face3.jpg
857,F0601/P11910/face4.jpg
858,F0601/P11910/face5.jpg
859,F0601/P11911/face1.jpg
860,F0601/P11911/face2.jpg
861,F0601/P11911/face3.jpg
862,F0601/P11911/face4.jpg
863,F0601/P11912/face1.jpg
864,F0601/P11912/face2.jpg
865,F0601/P11912/face3.jpg
866,F0601/P11912/face4.jpg
867,F0601/P11913/face1.jpg
868,F0601/P11913/face2.jpg
869,F0601/P11914/face1.jpg
870,F0601/P11914/face2.jpg
871,F0601/P11914/face3.jpg
872,F0601/P11914/face4.jpg
873,F0601/P11914/face5.jpg
874,F0601/P11915/face1.jpg
875,F0601/P11915/face2.jpg
876,F0601/P11915/face3.jpg
877,F0601/P11916/face1.jpg
878,F0601/P11916/face2.jpg
879,F0601/P11916/face3.jpg
880,F0601/P11916/face4.jpg
881,F0601/P11917/face1.jpg
882,F0601/P11917/face2.jpg
883,F0601/P11918/face1.jpg
884,F0601/P11918/face2.jpg
885,F0601/P11919/face1.jpg
886,F0601/P11919/face2.jpg
887,F0601/P11920/face1.jpg
888,F0601/P11920/face2.jpg
889,F0601/P11921/face1.jpg
890,F0601/P11921/face2.jpg
891,F0601/P11921/face3.jpg
892,F0601/P11921/face4.jpg
893,F0601/P11922/face1.jpg
894,F0601/P11924/face1.jpg
895,F0601/P11924/face2.jpg
896,F0601/P11925/face1.jpg
897,F0601/P11926/face1.jpg
898,F0601/P11927/face1.jpg
899,F0601/P11927/face2.jpg
900,F0601/P11928/face1.jpg
901,F0601/P11929/face1.jpg
902,F0601/P11930/face1.jpg
903,F0601/P11931/face1.jpg
904,F0601/P11932/face1.jpg
905,F0601/P11933/face1.jpg
906,F0601/P11934/face1.jpg
907,F0601/P11934/face2.jpg
908,F0601/P11935/face1.jpg
909,F0601/P11936/face1.jpg
910,F0601/P11937/face1.jpg
911,F0601/P11938/face1.jpg
912,F0601/P11939/face1.jpg
913,F0601/P11940/face1.jpg
914,F0601/P11940/face2.jpg
915,F0601/P11941/face1.jpg
916,F0601/P11941/face2.jpg
917,F0601/P11941/face3.jpg
918,F0601/P11941/face4.jpg
919,F0601/P11941/face5.jpg
920,F0601/P11942/face1.jpg
921,F0601/P11942/face2.jpg
922,F0601/P11943/face1.jpg
923,F0601/P11943/face2.jpg
924,F0601/P11943/face3.jpg
925,F0601/P11943/face4.jpg
926,F0601/P11944/face1.jpg
927,F0601/P11944/face2.jpg
928,F0601/P11945/face1.jpg
929,F0601/P11945/face2.jpg
930,F0601/P11946/face1.jpg
931,F0601/P11946/face2.jpg
932,F0601/P11947/face1.jpg
933,F0601/P11947/face2.jpg
934,F0601/P11947/face3.jpg
935,F0601/P11948/face1.jpg
936,F0601/P11948/face2.jpg
937,F0601/P11949/face1.jpg
938,F0601/P11949/face2.jpg
939,F0601/P11950/face1.jpg
940,F0601/P11950/face2.jpg
941,F0601/P11950/face3.jpg
942,F0601/P11950/face4.jpg
943,F0601/P11950/face5.jpg
944,F0601/P11950/face6.jpg
945,F0601/P11951/face1.jpg
946,F0601/P11951/face10.jpg
947,F0601/P11951/face11.jpg
948,F0601/P11951/face2.jpg
949,F0601/P11951/face3.jpg
950,F0601/P11951/face4.jpg
951,F0601/P11951/face5.jpg
952,F0601/P11951/face6.jpg
953,F0601/P11951/face7.jpg
954,F0601/P11951/face8.jpg
955,F0601/P11951/face9.jpg
956,F0601/P11952/face1.jpg
957,F0601/P11952/face10.jpg
958,F0601/P11952/face11.jpg
959,F0601/P11952/face12.jpg
960,F0601/P11952/face2.jpg
961,F0601/P11952/face3.jpg
962,F0601/P11952/face4.jpg
963,F0601/P11952/face5.jpg
964,F0601/P11952/face6.jpg
965,F0601/P11952/face7.jpg
966,F0601/P11952/face8.jpg
967,F0601/P11952/face9.jpg
968,F0601/P11953/face1.jpg
969,F0601/P11953/face2.jpg
970,F0601/P11953/face3.jpg
971,F0601/P11954/face1.jpg
972,F0601/P11955/face1.jpg
973,F0601/P11956/face1.jpg
974,F0601/P11957/face1.jpg
975,F0601/P11958/face1.jpg
976,F0601/P11959/face1.jpg
977,F0601/P11960/face1.jpg
978,F0601/P11960/face2.jpg
979,F0601/P11961/face1.jpg
980,F0601/P11961/face2.jpg
981,F0601/P11964/face1.jpg
982,F0601/P11964/face2.jpg
983,F0601/P11964/face3.jpg
984,F0601/P11965/face1.jpg
985,F0601/P11965/face2.jpg
986,F0601/P11966/face1.jpg
987,F0601/P11966/face2.jpg
988,F0601/P11967/face1.jpg
989,F0601/P11967/face2.jpg
990,F0601/P11967/face3.jpg
991,F0601/P11968/face1.jpg
992,F0601/P11968/face2.jpg
993,F0601/P11968/face3.jpg
994,F0601/P11968/face4.jpg
995,F0601/P11969/face1.jpg
996,F0601/P11969/face2.jpg
997,F0601/P11969/face3.jpg
998,F0601/P11969/face4.jpg
999,F0601/P11969/face5.jpg
1000,F0601/P11969/face6.jpg
1001,F0601/P11970/face1.jpg
1002,F0601/P11970/face2.jpg
1003,F0601/P11970/face3.jpg
1004,F0601/P11970/face4.jpg
1005,F0601/P11970/face5.jpg
1006,F0601/P11970/face6.jpg
1007,F0601/P11970/face7.jpg
1008,F0601/P11971/face1.jpg
1009,F0601/P11971/face2.jpg
1010,F0601/P11971/face3.jpg
1011,F0601/P11971/face4.jpg
1012,F0601/P11972/face1.jpg
1013,F0601/P11972/face2.jpg
1014,F0601/P11972/face3.jpg
1015,F0601/P11973/face1.jpg
1016,F0601/P11973/face2.jpg
1017,F0601/P11973/face3.jpg
1018,F0601/P11973/face4.jpg
1019,F0601/P11973/face5.jpg
1020,F0601/P11974/face1.jpg
1021,F0601/P11974/face2.jpg
1022,F0601/P11974/face3.jpg
1023,F0601/P11974/face4.jpg
1024,F0601/P11975/face1.jpg
1025,F0601/P11975/face2.jpg
1026,F0601/P11976/face1.jpg
1027,F0601/P11976/face2.jpg
1028,F0601/P11976/face3.jpg
1029,F0601/P11977/face1.jpg
1030,F0601/P11977/face2.jpg
1031,F0601/P11977/face3.jpg
1032,F0601/P11977/face4.jpg
1033,F0601/P11978/face1.jpg
1034,F0601/P11979/face1.jpg
1035,F0601/P11980/face1.jpg
1036,F0601/P11980/face2.jpg
1037,F0601/P11980/face3.jpg
1038,F0601/P11980/face4.jpg
1039,F0601/P11981/face1.jpg
1040,F0601/P11982/face1.jpg
1041,F0601/P11982/face2.jpg
1042,F0601/P11982/face3.jpg
1043,F0601/P11983/face1.jpg
1044,F0601/P11985/face1.jpg
1045,F0601/P11985/face2.jpg
1046,F0601/P11986/face1.jpg
1047,F0601/P11986/face2.jpg
1048,F0601/P11987/face1.jpg
1049,F0601/P11987/face2.jpg
1050,F0601/P11987/face3.jpg
1051,F0601/P11987/face4.jpg
1052,F0601/P11988/face1.jpg
1053,F0601/P11988/face2.jpg
1054,F0601/P11989/face1.jpg
1055,F0601/P11990/face1.jpg
1056,F0601/P11990/face2.jpg
1057,F0601/P11991/face1.jpg
1058,F0601/P11991/face2.jpg
1059,F0601/P11991/face3.jpg
1060,F0601/P11992/face1.jpg
1061,F0601/P11992/face2.jpg
1062,F0601/P11993/face1.jpg
1063,F0601/P11993/face2.jpg
1064,F0601/P11993/face3.jpg
1065,F0601/P11993/face4.jpg
1066,F0601/P11993/face5.jpg
1067,F0601/P11994/face1.jpg
1068,F0601/P11994/face2.jpg
1069,F0601/P11995/face1.jpg
1070,F0601/P11995/face2.jpg
1071,F0601/P11996/face1.jpg
1072,F0601/P11996/face2.jpg
1073,F0601/P11996/face3.jpg
1074,F0601/P11998/face1.jpg
1075,F0601/P11999/face1.jpg
1076,F0601/P12000/face1.jpg
1077,F0601/P12001/face1.jpg
1078,F0601/P12002/face1.jpg
1079,F0601/P12002/face2.jpg
1080,F0601/P12003/face1.jpg
1081,F0601/P12004/face1.jpg
1082,F0601/P12005/face1.jpg
1083,F0601/P12006/face1.jpg
1084,F0601/P12007/face1.jpg
1085,F0601/P12008/face1.jpg
1086,F0601/P12009/face1.jpg
1087,F0601/P12010/face1.jpg
1088,F0601/P12011/face1.jpg
1089,F0601/P12012/face1.jpg
1090,F0601/P12013/face1.jpg
1091,F0601/P12015./face1.jpg
1092,F0601/P12015./face2.jpg
1093,F0601/P12016/face1.jpg
1094,F0601/P12017/face1.jpg
1095,F0601/P12018/face1.jpg
1096,F0601/P12018/face2.jpg
1097,F0601/P12019/face1.jpg
1098,F0601/P12019/face2.jpg
1099,F0601/P12020/face1.jpg
1100,F0601/P12021/face1.jpg
1101,F0601/P12022/face1.jpg
1102,F0601/P12023/face1.jpg
1103,F0601/P12024/face1.jpg
1104,F0601/P12024/face2.jpg
1105,F0601/P12024/face3.jpg
1106,F0601/P12024/face4.jpg
1107,F0601/P12025/face1.jpg
1108,F0601/P12025/face2.jpg
1109,F0601/P12025/face3.jpg
1110,F0601/P12026/face1.jpg
1111,F0601/P12028/face1.jpg
1112,F0601/P12029/face1.jpg
1113,F0601/P12030/face1.jpg
1114,F0601/P12032/face1.jpg
1115,F0601/P12032/face2.jpg
1116,F0601/P12033/face1.jpg
1117,F0601/P12033/face2.jpg
1118,F0601/P12034/face1.jpg
1119,F0601/P12034/face2.jpg
1120,F0601/P12035/face1.jpg
1121,F0601/P12035/face2.jpg
1122,F0601/P12035/face3.jpg
1123,F0601/P12035/face4.jpg
1124,F0601/P12035/face5.jpg
1125,F0601/P12036/face1.jpg
1126,F0601/P12037/face1.jpg
1127,F0601/P12037/face2.jpg
1128,F0601/P12038/face1.jpg
1129,F0601/P12038/face2.jpg
1130,F0601/P12039/face1.jpg
1131,F0601/P12039/face2.jpg
1132,F0601/P12040/face1.jpg
1133,F0601/P12040/face2.jpg
1134,F0601/P12041/face1.jpg
1135,F0601/P12041/face2.jpg
1136,F0601/P12041/face3.jpg
1137,F0601/P12041/face4.jpg
1138,F0601/P12042/face1.jpg
1139,F0601/P12042/face2.jpg
1140,F0601/P12042/face3.jpg
1141,F0601/P12042/face4.jpg
1142,F0601/P12043/face1.jpg
1143,F0601/P12043/face2.jpg
1144,F0601/P12043/face3.jpg
1145,F0601/P12044/face1.jpg
1146,F0601/P12045/face1.jpg
1147,F0601/P12045/face2.jpg
1148,F0601/P12046/face1.jpg
1149,F0601/P12046/face2.jpg
1150,F0601/P12047/face1.jpg
1151,F0601/P12048/face1.jpg
1152,F0601/P12048/face2.jpg
1153,F0601/P12048/face3.jpg
1154,F0601/P12048/face4.jpg
1155,F0601/P12051/face1.jpg
1156,F0601/P12051/face10.jpg
1157,F0601/P12051/face11.jpg
1158,F0601/P12051/face2.jpg
1159,F0601/P12051/face3.jpg
1160,F0601/P12051/face4.jpg
1161,F0601/P12051/face5.jpg
1162,F0601/P12051/face6.jpg
1163,F0601/P12051/face7.jpg
1164,F0601/P12051/face8.jpg
1165,F0601/P12051/face9.jpg
1166,F0601/P12052/face1.jpg
1167,F0601/P12053/face1.jpg
1168,F0601/P12054/face1.jpg
1169,F0601/P12054/face2.jpg
1170,F0601/P12054/face3.jpg
1171,F0601/P12054/face4.jpg
1172,F0601/P12054/face5.jpg
1173,F0601/P12054/face6.jpg
1174,F0601/P12054/face7.jpg
1175,F0601/P12055/face1.jpg
1176,F0601/P12055/face2.jpg
1177,F0601/P12056/face1.jpg
1178,F0601/P12056/face2.jpg
1179,F0601/P12057/face1.jpg
1180,F0601/P12057/face2.jpg
1181,F0601/P12057/face3.jpg
1182,F0601/P12057/face4.jpg
1183,F0601/P12058/face1.jpg
1184,F0601/P12058/face2.jpg
1185,F0601/P12059/face1.jpg
1186,F0601/P12061/face1.jpg
1187,F0601/P12062/face1.jpg
1188,F0601/P12063/face1.jpg
1189,F0601/P12064/face1.jpg
1190,F0601/P12064/face2.jpg
1191,F0601/P12064/face3.jpg
1192,F0601/P12064/face4.jpg
1193,F0601/P12066/face1.jpg
1194,F0601/P12067/face1.jpg
1195,F0601/P12067/face2.jpg
1196,F0601/P12068/face1.jpg
1197,F0601/P12068/face2.jpg
1198,F0601/P12068/face3.jpg
1199,F0601/P12068/face4.jpg
1200,F0601/P12068/face5.jpg
1201,F0601/P12068/face6.jpg
1202,F0601/P12068/face7.jpg
1203,F0601/P12068/face8.jpg
1204,F0601/P12069/face1.jpg
1205,F0601/P12069/face2.jpg
1206,F0601/P12071/face1.jpg
1207,F0601/P12071/face2.jpg
1208,F0601/P12071/face3.jpg
1209,F0601/P12072/face1.jpg
1210,F0601/P12072/face2.jpg
1211,F0601/P12072/face3.jpg
1212,F0601/P12074/face1.jpg
1213,F0601/P12074/face2.jpg
1214,F0601/P12075/face1.jpg
1215,F0601/P12076/face1.jpg
1216,F0601/P12077/face1.jpg
1217,F0601/P12078/face1.jpg
1218,F0601/P12079/face1.jpg
1219,F0601/P12079/face2.jpg
1220,F0601/P12079/face3.jpg
1221,F0601/P12079/face4.jpg
1222,F0601/P12080/face1.jpg
1223,F0601/P12080/face2.jpg
1224,F0601/P12081/face1.jpg
1225,F0601/P12081/face2.jpg
1226,F0604/P11814/face1.jpg
1227,F0604/P11815/face1.jpg
1228,F0604/P11816/face1.jpg
1229,F0604/P11817/face1.jpg
1230,F0604/P11818/face1.jpg
1231,F0605/P11540/face1.jpg
1232,F0605/P11541/face1.jpg
1233,F0605/P11542/face1.jpg
1234,F0605/P11543/face1.jpg
1235,F0605/P11543/face2.jpg
1236,F0605/P11544/face1.jpg
1237,F0605/P11545/face1.jpg
1238,F0605/P11546/face1.jpg
1239,F0605/P11547/face1.jpg
1240,F0605/P11548/face1.jpg
1241,F0605/P11549/face1.jpg
1242,F0605/P11550/face1.jpg
1243,F0605/P11550/face2.jpg
1244,F0605/P11551/face1.jpg
1245,F0605/P11552/face1.jpg
1246,F0605/P11553/face1.jpg
1247,F0612/P11361/face1.jpg
1248,F0612/P11361/face2.jpg
1249,F0612/P11362/face1.jpg
1250,F0612/P11362/face2.jpg
1251,F0612/P11363/face1.jpg
1252,F0612/P11363/face2.jpg
1253,F0612/P11364/face1.jpg
1254,F0612/P11364/face2.jpg
1255,F0612/P11365/face1.jpg
1256,F0612/P11365/face2.jpg
1257,F0612/P11366/face1.jpg
1258,F0612/P11366/face2.jpg
1259,F0612/P11367/face1.jpg
1260,F0612/P11368/face1.jpg
1261,F0612/P11369/face1.jpg
1262,F0612/P11370/face1.jpg
1263,F0614/P11371/face1.jpg
1264,F0614/P11371/face2.jpg
1265,F0614/P11372/face1.jpg
1266,F0614/P11373/face1.jpg
1267,F0614/P11374/face1.jpg
1268,F0614/P11375/face1.jpg
1269,F0614/P11376/face1.jpg
1270,F0614/P11377/face1.jpg
1271,F0614/P11378/face1.jpg
1272,F0624/P11301/face1.jpg
1273,F0624/P11302/face1.jpg
1274,F0624/P11303/face1.jpg
1275,F0624/P11304/face1.jpg
1276,F0624/P11305/face1.jpg
1277,F0639/P11306/face1.jpg
1278,F0639/P11307/face1.jpg
1279,F0639/P11307/face2.jpg
1280,F0639/P11307/face3.jpg
1281,F0639/P11307/face4.jpg
1282,F0639/P11309/face1.jpg
1283,F0639/P11310/face1.jpg
1284,F0639/P11311/face1.jpg
1285,F0639/P11312/face1.jpg
1286,F0649/P11314/face1.jpg
1287,F0649/P11314/face2.jpg
1288,F0649/P11314/face3.jpg
1289,F0649/P11314/face4.jpg
1290,F0649/P11315/face1.jpg
1291,F0649/P11315/face2.jpg
1292,F0649/P11316/face1.jpg
1293,F0649/P11316/face2.jpg
1294,F0649/P11316/face3.jpg
1295,F0649/P11317/face1.jpg
1296,F0649/P11318/face1.jpg
1297,F0649/P11319/face1.jpg
1298,F0649/P11320/face1.jpg
1299,F0650/P11819/face1.jpg
1300,F0650/P11820/face1.jpg
1301,F0650/P11821/face1.jpg
1302,F0650/P11822/face1.jpg
1303,F0650/P11822/face2.jpg
1304,F0650/P11823/face1.jpg
1305,F0650/P11823/face2.jpg
1306,F0650/P11824/face1.jpg
1307,F0650/P11824/face2.jpg
1308,F0650/P11825/face1.jpg
1309,F0650/P11825/face2.jpg
1310,F0650/P11826/face1.jpg
1311,F0650/P11826/face2.jpg
1312,F0650/P11827/face1.jpg
1313,F0650/P11827/face2.jpg
1314,F0650/P11827/face3.jpg
1315,F0650/P11827/face4.jpg
1316,F0650/P11828/face1.jpg
1317,F0650/P11828/face2.jpg
1318,F0657/P11829/face1.jpg
1319,F0657/P11830/face1.jpg
1320,F0657/P11831/face1.jpg
1321,F0657/P11832/face1.jpg
1322,F0657/P11834/face1.jpg
1323,F0657/P11835/face1.jpg
1324,F0657/P11836/face1.jpg
1325,F0657/P11837/face1.jpg
1326,F0663/P11861/face1.jpg
1327,F0663/P11862/face1.jpg
1328,F0663/P11862/face2.jpg
1329,F0663/P11863/face1.jpg
1330,F0663/P11864/face1.jpg
1331,F0663/P11865/face1.jpg
1332,F0673/P11554/face1.jpg
1333,F0673/P11555/face1.jpg
1334,F0673/P11556/face1.jpg
1335,F0673/P11557/face1.jpg
1336,F0673/P11558/face1.jpg
1337,F0673/P11559/face1.jpg
1338,F0673/P11560/face1.jpg
1339,F0673/P11561/face1.jpg
1340,F0673/P11562/face1.jpg
1341,F0673/P11563/face1.jpg
1342,F0673/P11563/face2.jpg
1343,F0673/P11564/face1.jpg
1344,F0673/P11564/face2.jpg
1345,F0673/P11564/face3.jpg
1346,F0673/P11564/face4.jpg
1347,F0673/P11565/face1.jpg
1348,F0673/P11566/face1.jpg
1349,F0673/P11566/face2.jpg
1350,F0673/P11566/face3.jpg
1351,F0673/P11567/face1.jpg
1352,F0673/P11567/face2.jpg
1353,F0673/P11567/face3.jpg
1354,F0673/P11567/face4.jpg
1355,F0673/P11568/face1.jpg
1356,F0673/P11568/face2.jpg
1357,F0673/P11569/face1.jpg
1358,F0673/P11569/face2.jpg
1359,F0673/P11570/face1.jpg
1360,F0673/P11571/face1.jpg
1361,F0673/P11572/face1.jpg
1362,F0673/P11573/face1.jpg
1363,F0673/P11574/face1.jpg
1364,F0673/P11575/face1.jpg
1365,F0673/P11576/face1.jpg
1366,F0673/P11577/face1.jpg
1367,F0673/P11578/face1.jpg
1368,F0673/P11579/face1.jpg
1369,F0687/P11379/face1.jpg
1370,F0687/P11379/face2.jpg
1371,F0687/P11380/face1.jpg
1372,F0687/P11381/face1.jpg
1373,F0687/P11382/face1.jpg
1374,F0687/P11382/face2.jpg
1375,F0687/P11383/face1.jpg
1376,F0687/P11383/face2.jpg
1377,F0687/P11384/face1.jpg
1378,F0687/P11385/face1.jpg
1379,F0687/P11385/face2.jpg
1380,F0687/P11386/face1.jpg
1381,F0687/P11386/face2.jpg
1382,F0687/P11387/face1.jpg
1383,F0687/P11388/face1.jpg
1384,F0687/P11389/face1.jpg
1385,F0691/P11390/face1.jpg
1386,F0691/P11390/face2.jpg
1387,F0691/P11391/face1.jpg
1388,F0691/P11391/face2.jpg
1389,F0691/P11392/face1.jpg
1390,F0691/P11393/face1.jpg
1391,F0691/P11394/face1.jpg
1392,F0691/P11395/face1.jpg
1393,F0691/P11396/face1.jpg
1394,F0727/P11838/face1.jpg
1395,F0727/P11839/face1.jpg
1396,F0727/P11840/face1.jpg
1397,F0727/P11841/face1.jpg
1398,F0727/P11842/face1.jpg
1399,F0727/P11842/face2.jpg
1400,F0741/P11397/face1.jpg
1401,F0741/P11397/face2.jpg
1402,F0741/P11397/face3.jpg
1403,F0741/P11398/face1.jpg
1404,F0741/P11398/face2.jpg
1405,F0741/P11399/face1.jpg
1406,F0741/P11399/face2.jpg
1407,F0741/P11400/face1.jpg
1408,F0741/P11400/face2.jpg
1409,F0741/P11400/face3.jpg
1410,F0741/P11400/face4.jpg
1411,F0741/P11400/face5.jpg
1412,F0741/P11401/face1.jpg
1413,F0741/P11401/face2.jpg
1414,F0741/P11401/face3.jpg
1415,F0741/P11401/face4.jpg
1416,F0741/P11401/face5.jpg
1417,F0741/P11402/face1.jpg
1418,F0741/P11402/face2.jpg
1419,F0741/P11402/face3.jpg
1420,F0741/P11403/face1.jpg
1421,F0741/P11403/face2.jpg
1422,F0741/P11404/face1.jpg
1423,F0741/P11404/face2.jpg
1424,F0741/P11404/face3.jpg
1425,F0741/P11405/face1.jpg
1426,F0741/P11405/face2.jpg
1427,F0741/P11406/face1.jpg
1428,F0741/P11406/face2.jpg
1429,F0741/P11407/face1.jpg
1430,F0741/P11407/face2.jpg
1431,F0741/P11407/face3.jpg
1432,F0741/P11408/face1.jpg
1433,F0741/P11408/face2.jpg
1434,F0741/P11408/face3.jpg
1435,F0741/P11408/face4.jpg
1436,F0741/P11408/face5.jpg
1437,F0741/P11408/face6.jpg
1438,F0741/P11408/face7.jpg
1439,F0741/P11409/face1.jpg
1440,F0741/P11409/face2.jpg
1441,F0741/P11410/face1.jpg
1442,F0741/P11410/face2.jpg
1443,F0741/P11411/face1.jpg
1444,F0741/P11412/face1.jpg
1445,F0741/P11412/face2.jpg
1446,F0741/P11413/face1.jpg
1447,F0741/P11413/face2.jpg
1448,F0756/P11245/face1.jpg
1449,F0756/P11245/face2.jpg
1450,F0756/P11245/face3.jpg
1451,F0756/P11245/face4.jpg
1452,F0756/P11246/face1.jpg
1453,F0756/P11246/face2.jpg
1454,F0756/P11246/face3.jpg
1455,F0756/P11247/face1.jpg
1456,F0756/P11247/face2.jpg
1457,F0756/P11248/face1.jpg
1458,F0756/P11248/face2.jpg
1459,F0756/P11249/face1.jpg
1460,F0756/P11249/face2.jpg
1461,F0756/P11250/face1.jpg
1462,F0756/P11250/face2.jpg
1463,F0756/P11250/face3.jpg
1464,F0756/P11251/face1.jpg
1465,F0756/P11251/face2.jpg
1466,F0756/P11251/face3.jpg
1467,F0756/P11252/face1.jpg
1468,F0756/P11252/face2.jpg
1469,F0756/P11252/face3.jpg
1470,F0786/P11580/face1.jpg
1471,F0786/P11580/face2.jpg
1472,F0786/P11581/face1.jpg
1473,F0786/P11581/face2.jpg
1474,F0786/P11582/face1.jpg
1475,F0786/P11583/face1.jpg
1476,F0786/P11583/face2.jpg
1477,F0786/P11584/face1.jpg
1478,F0786/P11585/face1.jpg
1479,F0786/P11585/face2.jpg
1480,F0786/P11586/face1.jpg
1481,F0786/P11586/face2.jpg
1482,F0786/P11586/face3.jpg
1483,F0786/P11587/face1.jpg
1484,F0786/P11587/face2.jpg
1485,F0786/P11587/face3.jpg
1486,F0786/P11588/face1.jpg
1487,F0786/P11589/face1.jpg
1488,F0786/P11590/face1.jpg
1489,F0786/P11591/face1.jpg
1490,F0786/P11592/face1.jpg
1491,F0786/P11593/face1.jpg
1492,F0786/P11593/face2.jpg
1493,F0786/P11593/face3.jpg
1494,F0786/P11593/face4.jpg
1495,F0786/P11594/face1.jpg
1496,F0786/P11595/face1.jpg
1497,F0786/P11595/face2.jpg
1498,F0786/P11596/face1.jpg
1499,F0786/P11596/face2.jpg
1500,F0786/P11597/face1.jpg
1501,F0786/P11597/face2.jpg
1502,F0786/P11598/face1.jpg
1503,F0786/P11598/face2.jpg
1504,F0786/P11598/face3.jpg
1505,F0786/P11598/face4.jpg
1506,F0786/P11599/face1.jpg
1507,F0786/P11599/face2.jpg
1508,F0786/P11599/face3.jpg
1509,F0786/P11600/face1.jpg
1510,F0786/P11600/face2.jpg
1511,F0786/P11601/face1.jpg
1512,F0786/P11602/face1.jpg
1513,F0786/P11602/face2.jpg
1514,F0786/P11603/face1.jpg
1515,F0786/P11603/face2.jpg
1516,F0786/P11603/face3.jpg
1517,F0786/P11603/face4.jpg
1518,F0801/P11604/face1.jpg
1519,F0801/P11604/face2.jpg
1520,F0801/P11605/face1.jpg
1521,F0801/P11606/face1.jpg
1522,F0801/P11606/face2.jpg
1523,F0801/P11607/face1.jpg
1524,F0801/P11607/face2.jpg
1525,F0801/P11607/face3.jpg
1526,F0801/P11607/face4.jpg
1527,F0801/P11608/face1.jpg
1528,F0801/P11608/face2.jpg
1529,F0801/P11609/face1.jpg
1530,F0801/P11610/face1.jpg
1531,F0801/P11611/face1.jpg
1532,F0801/P11612/face1.jpg
1533,F0801/P11613/face1.jpg
1534,F0801/P11614/face1.jpg
1535,F0801/P11615/face1.jpg
1536,F0801/P11616/face1.jpg
1537,F0995/P11646/face1.jpg
1538,F0995/P11646/face2.jpg
1539,F0995/P11646/face3.jpg
1540,F0995/P11646/face4.jpg
1541,F0995/P11646/face5.jpg
1542,F0995/P11646/face6.jpg
1543,F0995/P11646/face7.jpg
1544,F0995/P11646/face8.jpg
1545,F0995/P11648/face1.jpg
1546,F0995/P11648/face2.jpg
1547,F0995/P11648/face3.jpg
1548,F0995/P11648/face4.jpg
1549,F0995/P11648/face5.jpg
1550,F0995/P11648/face6.jpg
1551,F0995/P11648/face7.jpg
1552,F0995/P11648/face8.jpg
1553,F0995/P11650/face1.jpg
1554,F0995/P11650/face2.jpg
1555,F0995/P11650/face3.jpg
1556,F0995/P11650/face4.jpg
1557,F0995/P11650/face5.jpg
1558,F0995/P11651/face1.jpg
1559,F0995/P11651/face2.jpg
1560,F0995/P11651/face3.jpg
1561,F0995/P11651/face4.jpg
1562,F0995/P11651/face5.jpg
1563,F0995/P11652/face1.jpg
1564,F0995/P11653/face1.jpg
1565,F0995/P11654/face1.jpg
1566,F0995/P11655/face1.jpg
1567,F0995/P11656/face1.jpg
1568,F0995/P11657/face1.jpg
1569,F0995/P11658/face1.jpg
1570,F0995/P11659/face1.jpg
1571,F0995/P11659/face2.jpg
1572,F0995/P11660/face1.jpg
1573,F0995/P11661/face1.jpg
1574,F0995/P11662/face1.jpg
1575,F0995/P11663/face1.jpg
1576,F0995/P11664/face1.jpg
1577,F0995/P11665/face1.jpg
1578,F0995/P11665/face2.jpg
1579,F0995/P11665/face3.jpg
1580,F0995/P11665/face4.jpg
1581,F0995/P11665/face5.jpg
1582,F0995/P11666/face1.jpg
1583,F0995/P11667/face1.jpg
1584,F0995/P11668/face1.jpg
1585,F0995/P11670/face1.jpg
1586,F0995/P11671/face1.jpg
1587,F0995/P11671/face2.jpg
1588,F0995/P11671/face3.jpg
1589,F0995/P11671/face4.jpg
1590,F0995/P11671/face5.jpg
1591,F0995/P11671/face6.jpg
1592,F0995/P11671/face7.jpg
1593,F0995/P11671/face8.jpg
1594,F0995/P11672/face1.jpg
1595,F0995/P11672/face2.jpg
1596,F0995/P11672/face3.jpg
1597,F0995/P11672/face4.jpg
1598,F0995/P11672/face5.jpg
1599,F0995/P11672/face6.jpg
1600,F0995/P11672/face7.jpg
1601,F0995/P11672/face8.jpg
1602,F0995/P11673/face1.jpg
1603,F0995/P11673/face2.jpg
1604,F0995/P11673/face3.jpg
1605,F0995/P11674/face1.jpg
1606,F0995/P11674/face2.jpg
1607,F0995/P11674/face3.jpg
1608,F0995/P11674/face4.jpg
1609,F0995/P11674/face5.jpg
1610,F0995/P11675/face1.jpg
1611,F0995/P11675/face2.jpg
1612,F0995/P11675/face3.jpg
1613,F0995/P11675/face4.jpg
1614,F0995/P11675/face5.jpg
1615,F0995/P11675/face6.jpg
1616,F0995/P11675/face7.jpg
1617,F0995/P11675/face8.jpg
1618,F0995/P11675/face9.jpg
1619,F0995/P11676/face1.jpg
1620,F0995/P11676/face2.jpg
1621,F0995/P11676/face3.jpg
1622,F0995/P11676/face4.jpg
1623,F0995/P11676/face5.jpg
1624,F0995/P11677/face1.jpg
1625,F0995/P11677/face2.jpg
1626,F0995/P11677/face3.jpg
1627,F0995/P11677/face4.jpg
1628,F0995/P11677/face5.jpg
1629,F0995/P11677/face6.jpg
1630,F0995/P11678/face1.jpg
1631,F0995/P11678/face2.jpg
1632,F0995/P11678/face3.jpg
1633,F0995/P11678/face4.jpg
1634,F0995/P11679/face1.jpg
1635,F0995/P11679/face2.jpg
1636,F0995/P11679/face3.jpg
1637,F0995/P11679/face4.jpg
1638,F0995/P11679/face5.jpg
1639,F0995/P11679/face6.jpg
1640,F0995/P11679/face7.jpg
1641,F0995/P11679/face8.jpg
1642,F0995/P11680/face1.jpg
1643,F0995/P11680/face2.jpg
1644,F0995/P11680/face3.jpg
1645,F0995/P11681/face1.jpg
1646,F0995/P11681/face2.jpg
1647,F0995/P11681/face3.jpg
1648,F0995/P11681/face4.jpg
1649,F0995/P11682/face1.jpg
1650,F0995/P11682/face2.jpg
1651,F0995/P11682/face3.jpg
1652,F0995/P11682/face4.jpg
1653,F0995/P11682/face5.jpg
1654,F0995/P11683/face1.jpg
1655,F0995/P11683/face2.jpg
1656,F0995/P11683/face3.jpg
1657,F0995/P11683/face4.jpg
1658,F0995/P11684/face1.jpg
1659,F0995/P11684/face2.jpg
1660,F0995/P11685/face1.jpg
1661,F0995/P11685/face2.jpg
1662,F0995/P11685/face3.jpg
1663,F0995/P11686/face1.jpg
1664,F0995/P11686/face2.jpg
1665,F0995/P11686/face3.jpg
1666,F0995/P11686/face4.jpg
1667,F0995/P11686/face5.jpg
1668,F0995/P11686/face6.jpg
1669,F0995/P11686/face7.jpg
1670,F0995/P11687/face1.jpg
1671,F0995/P11687/face10.jpg
1672,F0995/P11687/face11.jpg
1673,F0995/P11687/face12.jpg
1674,F0995/P11687/face13.jpg
1675,F0995/P11687/face2.jpg
1676,F0995/P11687/face3.jpg
1677,F0995/P11687/face4.jpg
1678,F0995/P11687/face5.jpg
1679,F0995/P11687/face6.jpg
1680,F0995/P11687/face7.jpg
1681,F0995/P11687/face8.jpg
1682,F0995/P11687/face9.jpg
1683,F0995/P11688/face1.jpg
1684,F0995/P11689/face1.jpg
1685,F0995/P11690/face1.jpg
1686,F0995/P11691/face1.jpg
1687,F0995/P11691/face2.jpg
1688,F0995/P11691/face3.jpg
1689,F0995/P11691/face4.jpg
1690,F0995/P11691/face5.jpg
1691,F0995/P11691/face6.jpg
1692,F0995/P11692/face1.jpg
1693,F0995/P11692/face10.jpg
1694,F0995/P11692/face11.jpg
1695,F0995/P11692/face12.jpg
1696,F0995/P11692/face13.jpg
1697,F0995/P11692/face14.jpg
1698,F0995/P11692/face15.jpg
1699,F0995/P11692/face2.jpg
1700,F0995/P11692/face3.jpg
1701,F0995/P11692/face4.jpg
1702,F0995/P11692/face5.jpg
1703,F0995/P11692/face6.jpg
1704,F0995/P11692/face7.jpg
1705,F0995/P11692/face8.jpg
1706,F0995/P11692/face9.jpg
1707,F0995/P11693/face1.jpg
1708,F0995/P11693/face2.jpg
1709,F0995/P11694/face1.jpg
1710,F0995/P11694/face2.jpg
1711,F0995/P11695/face1.jpg
1712,F0995/P11695/face2.jpg
1713,F0995/P11695/face3.jpg
1714,F0995/P11695/face4.jpg
1715,F0995/P11695/face5.jpg
1716,F0995/P11695/face6.jpg
1717,F0995/P11695/face7.jpg
1718,F0995/P11695/face8.jpg
1719,F0995/P11696/face1.jpg
1720,F0995/P11696/face2.jpg
1721,F0995/P11696/face3.jpg
1722,F0995/P11696/face4.jpg
1723,F0995/P11696/face5.jpg
1724,F0995/P11697/face1.jpg
1725,F0995/P11697/face2.jpg
1726,F0995/P11697/face3.jpg
1727,F0995/P11697/face4.jpg
1728,F0995/P11697/face5.jpg
1729,F0995/P11698/face1.jpg
1730,F0995/P11698/face2.jpg
1731,F0995/P11698/face3.jpg
1732,F0995/P11698/face4.jpg
1733,F0995/P11698/face5.jpg
1734,F0995/P11699/face1.jpg
1735,F0995/P11699/face2.jpg
1736,F0995/P11699/face3.jpg
1737,F0995/P11699/face4.jpg
1738,F0995/P11700/face1.jpg
1739,F0995/P11700/face2.jpg
1740,F0995/P11700/face3.jpg
1741,F0995/P11701/face1.jpg
1742,F0995/P11701/face10.jpg
1743,F0995/P11701/face11.jpg
1744,F0995/P11701/face12.jpg
1745,F0995/P11701/face13.jpg
1746,F0995/P11701/face2.jpg
1747,F0995/P11701/face3.jpg
1748,F0995/P11701/face4.jpg
1749,F0995/P11701/face5.jpg
1750,F0995/P11701/face6.jpg
1751,F0995/P11701/face7.jpg
1752,F0995/P11701/face8.jpg
1753,F0995/P11701/face9.jpg
1754,F0995/P11702/face1.jpg
1755,F0995/P11702/face2.jpg
1756,F0995/P11702/face3.jpg
1757,F0995/P11702/face4.jpg
1758,F0995/P11702/face5.jpg
1759,F0995/P11702/face6.jpg
1760,F0995/P11702/face7.jpg
1761,F0995/P11702/face8.jpg
1762,F0995/P11703/face1.jpg
1763,F0995/P11703/face2.jpg
1764,F0995/P11704/face1.jpg
1765,F0995/P11704/face2.jpg
1766,F0995/P11704/face3.jpg
1767,F0995/P11704/face4.jpg
1768,F0995/P11705/face1.jpg
1769,F0995/P11705/face2.jpg
1770,F0995/P11705/face3.jpg
1771,F0995/P11705/face4.jpg
1772,F0995/P11706/face1.jpg
1773,F0995/P11706/face2.jpg
1774,F0995/P11707/face1.jpg
1775,F0995/P11707/face2.jpg
1776,F0995/P11707/face3.jpg
1777,F0995/P11708/face1.jpg
1778,F0995/P11708/face2.jpg
1779,F0995/P11708/face3.jpg
1780,F0995/P11709/face1.jpg
1781,F0995/P11709/face2.jpg
1782,F0995/P11709/face3.jpg
1783,F0995/P11710/face1.jpg
1784,F0995/P11710/face2.jpg
1785,F0995/P11710/face3.jpg
1786,F0995/P11710/face4.jpg
1787,F0995/P11711/face1.jpg
1788,F0995/P11711/face2.jpg
1789,F0995/P11711/face3.jpg
1790,F0995/P11711/face4.jpg
1791,F0995/P11712/face1.jpg
1792,F0995/P11712/face2.jpg
1793,F0995/P11712/face3.jpg
1794,F0995/P11712/face4.jpg
1795,F0995/P11712/face5.jpg
1796,F0995/P11712/face6.jpg
1797,F0995/P11712/face7.jpg
